{
  "condition": "minecraft:any_of",
  "terms": [
    {
      "condition": "minecraft:entity_properties",
      "entity": "this",
      "predicate": {
        "equipment": {
          "mainhand": {
            "items": [
              "minecraft:cooked_beef"
            ],
            "nbt": "{swansCustom:\"entroyaki\"}"
          }
        }
      }
    },
    {
      "condition": "minecraft:entity_properties",
      "entity": "this",
      "predicate": {
        "equipment": {
          "offhand": {
            "items": [
              "minecraft:cooked_beef"
            ],
            "nbt": "{swansCustom:\"entroyaki\"}"
          }
        }
      }
    }
  ]
}
